# id<TAB>de<TAB>en<TAB>rule<TAB>aliases separated by |<TAB>German definition<TAB>English definition
abstract	Abstrakte Spielbereiche	Abstract game areas	4.8.3	abstrakter Bereich	Bereiche des Spiels, die nicht unmittelbar auf dem Spielfeld abgebildet werden, beispielsweise ASP-Vorrat und Reaktionskette.	Areas used by the game but not directly represented on the battlefield, such as the ASP reserve and Reaction Chain.
active	Aktive Zonen	Active zones	4.8.1	aktiven Zonen	Kampfzone, Sicherheitszone und Regierungszone bilden das regeltechnische Spielfeld. Nur Karten in diesen Zonen gelten als im Spiel.	The Combat Zone, Safety Zone and Government Zone form the battlefield in rules terms. Only cards in these zones are in play.
activated	Aktivierte Fähigkeit	Activated ability	4.2	aktivierte Fähigkeiten|activated abilities	Ein durch einen Spieler mit Priorität durch Bezahlen von Kosten aktivierbarer Effekt. Erkennbar am Schema [Kosten]: [Effekt].	An effect a player with priority can activate by paying costs. Identified by [cost]: [effect].
current	Aktueller Wert	Current value	4.9.3	aktuellen Wert|current HP	Der tatsächliche Wert eines Objekts nach Anwendung aller Modifikatoren. Bei HP wird akkumulierter Schaden abgezogen. Für geturnte RES und INI unterscheiden sich Systemabfragen und Karteneffekt-Referenzen; siehe Regel 4.9.3.	The actual value after modifiers. For HP, subtract accumulated damage. Turned RES and INI differ between system checks and card references; see section 4.9.3.
attack	Angriff	Attack	3.1.4	Angreifen|angreifend|attacking	Wählbare Aktion des handelnden Charakters in der Kampfphase. Die Voraussetzungen und Prioritätsfenster sind in Regel 3.1.4 beschrieben.	An action chosen for the acting Character during combat. Requirements and priority windows are in section 3.1.4.
artifact	Artefakt	Artifact	2.2.3	Artefakte|Artifacts	Bleibender Kartentyp. Wird in der Regierungszone im Bereich für bleibende Karten platziert.	A permanent card type placed in the Government Zone's permanent area.
asp	Astralpunkte (ASP)	Astral points (ASP)	4.4	ASP|Astralpunkte|ASP-Vorrat|ASP reserve|astral points	Ressourceneinheit zum Bezahlen von Karten und Fähigkeiten. ASP werden im abstrakten ASP-Vorrat gesammelt. Erzeugende Fähigkeiten nutzen die Reaktionskette. Verbleibende ASP verfallen am Rundenende.	The resource used to pay for cards and abilities, collected in the abstract ASP reserve. Generating abilities use the Reaction Chain. Remaining ASP expire at the end of the round.
back-row	Back-Row	Back Row	2.3.3	Back Row|Backrow	Die zwei Charakter-Slots je Lane in der Safety Zone direkt hinter der War Zone und über Binding- und Ressourcen-Slot.	The two Character slots per Lane in the Safety Zone directly behind the War Zone and above the Binding and Resource slots.
banished	Banished Zone	Banished area	2.3.5	Banished-Platz|Banished Platz|Banish	Ablageort für alle aus dem Spiel verbannten Karten; ein inaktiver Platz.	The inactive area holding cards banished from play.
summon	Beschwören	Summon	4.1	Beschwörung|Summoning	Ausspielen einer bleibenden Karte auf die Reaktionskette.	Playing a permanent card onto the Reaction Chain.
owner	Besitzer	Owner	4.7	Besitzerin	Der Spieler, in dessen Deck die Karte zu Spielbeginn war. Bei Token ist es der Spieler, unter dessen Kontrolle das Token erzeugt wurde. Bei Fähigkeiten ist es der Spieler, der die auslösende Karte kontrolliert. Besitz einer Karte kann sich nicht ändern.	The player whose deck contained the card at game start. For a token, the player under whose control it was created. For an ability, the controller of the card that triggers it. Card ownership cannot change.
binding	Binding-Slot	Binding slot	2.3.3	Binding Slot	Charakter-Slot in der Safety Zone unter der Back-Row und links neben dem Ressourcen-Slot.	The Character slot in the Safety Zone below the Back Row and left of the Resource slot.
permanent	Bleibende Karte	Permanent	2.2.3	bleibenden Karten|bleibende Karten|permanents	Eine Karte, die einen Platz in den aktiven Zonen auf dem Spielfeld einnehmen kann und nach dem Ausspielen dort verbleibt.	A card that can occupy a position in an active battlefield zone and stays in play after being played.
block	Blocken	Block	3.1.4	Block|Block-Reaktion|Blockreaction|blocking	Kampfaktion als freiwillige Reaktion auf einen Angriff. Grundsätzlich sind dieselbe War Zone, ein ungeturnter Charakter und eine verbleibende Aktion erforderlich.	A voluntary combat reaction to an attack. Normally requires the same War Zone, an unturned Character and an available action.
character	Charakter	Character	2.2.3	Charaktere|Charakteren|Characters	Bleibender Kartentyp, der in dafür vorgesehene Charakter-Slots platziert werden kann.	A permanent card type placed in designated Character slots.
continuous	Dauerhafter Effekt	Continuous effect	4.7	dauerhafte Effekte|continuous effects	Ein Effekt, der wirkt, ohne aktiviert oder ausgelöst werden zu müssen.	An effect that applies without needing to be activated or triggered.
degenerating	Degenerierende Effekt-Counter	Degenerating effect counters	6.2	Degenerating Effect|Degenerierende Effekt Counter	Marker, die einen Statuswert verringern, oder einen in Regel 6.2 beschriebenen und als negativ gekennzeichneten Zustand verursachen.	Counters that reduce a characteristic or cause a condition under section 6.2 marked as negative.
graveyard	Friedhof	Graveyard	2.3.6	Friedhofs	Ablageort für zerstörte, geopferte oder abgeworfene Karten, verrechnete Spells und durch einen GSC dorthin gelegte Karten.	The area for destroyed, sacrificed or discarded cards, resolved Spells and cards sent there by a GSC.
gsc	Gamestate Check (GSC)	Gamestate Check (GSC)	4.10	GSC|Gamestate Check|Game State Check|Game-State-Check|Spielstatus-Prüfung	Automatische Prüfung und Korrektur des Spielzustands vor der Vergabe von Priorität, nach der Verrechnung sowie zwischen First Damage und normalem Kampfschaden. Nutzt nicht die Reaktionskette.	An automatic check and correction before priority, after resolution and between First Damage and normal combat damage. It does not use the Reaction Chain.
base	Grundwert	Base value	4.9.1	Grundwerte|base values	Aufgedruckter numerischer Wert der physischen Karte oder Kopie. Außerhalb des Spiels existieren nur Grundwerte. Wertsetzende Effekte können im Spiel einen neuen Grundwert festlegen.	A printed numerical value of the physical card or copy. Outside play, only base values exist. Value-setting effects can establish a new base in play.
hand	Handkarten	Hand	4.8.3	Hand|Handkarte|hand cards	Karten in der verdeckten abstrakten Spielzone Hand eines Spielers.	Cards in a player's hidden, abstract hand area.
sovereign	Herrscher	Sovereign	2.2.3	Herrscherkarte|Sovereigns|Sovereign card	Startet das Spiel im Herrscher-Slot und bestimmt zulässige Pool-Deck-Farben und Zusatzkosten für farbfremde Karten. Exakt ein Herrscher gehört zum Gesamtdeck.	Starts in the Sovereign slot and determines permitted Pool Deck colours and off-colour additional costs. Exactly one belongs to the complete deck.
hp	Hitpoints (HP)	Hitpoints (HP)	4.9.3	HP|Hitpoints|Trefferpunkte	Statuswert eines Charakters. Schaden senkt die aktuellen HP. Bei 0 oder weniger wird der Charakter durch einen GSC zerstört und in den Friedhof gelegt.	A Character's hit points. Damage reduces current HP. At 0 or less, a GSC destroys the Character and puts it in the Graveyard.
inactive	Inaktive Plätze	Inactive areas	4.8.2	inaktiven Plätze|inaktiven Zonen	Bereiche, die nicht als im Spiel gelten: Friedhof, Banished Zone und Deck-Plätze.	Areas not considered in play: Graveyard, Banished area and deck positions.
ini	Initiative (INI)	Initiative (INI)	3.1.4	INI|Initiative|INI-Check|INI Check	Statuswert von Charakteren für INI-Checks und Kampfreihenfolge. Die Spieler-Initiative entscheidet außerdem über Hauptphasen und Gleichstände. Für geturnte Karten gelten die Besonderheiten aus Regel 4.9.3.	A Character value used for INI Checks and combat order. Player Initiative also determines Main Phase order and ties. Turned cards follow the exceptions in section 4.9.3.
interzone	Interzonen-Bewegung	Interzone movement	4.8.1	Interzone-Bewegung	Bewegung zwischen verschiedenen aktiven Zonen. Das Objekt behält seine Identität; dies ist kein Zonenwechsel mit Reset.	Movement between active zones. The object keeps its identity; this is not a resetting zone change.
combat-action	Kampfaktion	Combat action	3.1.4	Kampfaktionen|combat actions	Angriff und Block sowie Ranged Combat sind Kampfaktionen.	Attack, Block and Ranged Combat are combat actions.
combat-zone	Kampfzone	Combat Zone	2.3.2	Combat Zone	Die Gesamtheit aller drei War Zones in der Mitte des Spielfelds.	All three War Zones in the centre of the battlefield.
card-type	Kartentyp	Card type	2.2.3	Kartentypen|card types	Regelkategorie einer Karte, die ihre allgemeinen Ausspielrestriktionen und ihre Platzierung auf dem Spielfeld bestimmt.	A rules category determining a card's general play restrictions and battlefield placement.
control	Kontrolle	Control	4.7	kontrollierender Spieler|Kontrolleur|controller	Legt fest, wer Fähigkeiten und Entscheidungen für eine Karte ausführen darf. Bestimmung nach dem EBS, Ebene 2. Kontrolle ist unabhängig vom Besitzer und physischen Aufenthaltsort.	Determines who may use a card's abilities and make its decisions, under EBS layer 2. Control is distinct from ownership and physical location.
war-zone	Kriegszone	War Zone	2.3.2	War Zone|War Zones|Kriegszonen	Die Front-Rows beider Spieler innerhalb derselben Lane bilden eine War Zone.	Both players' Front Rows within one Lane form a War Zone.
lane	Lane	Lane	2.3.1	Lanes	Vertikaler Bereich mit Safety Zone und Front-Row beider Spieler, zwei Slots breit. Es gibt drei Lanes.	A vertical area including both players' Safety Zone and Front Row, two slots wide. There are three Lanes.
lp	Lebenspunkte (LP)	Life points (LP)	2.1	LP|Lebenspunkte|life points	Statuswert eines Herrschers. Schaden reduziert LP um denselben Betrag. Bei 0 oder weniger verliert sein Spieler das Spiel.	A Sovereign's life total. Damage reduces it by the same amount. At 0 or less, its player loses the game.
spellpower	Magiewert / Spellpower	Spellpower	4.3.1	Spellpower|Magiewert|RES-Check|RES Check	Wert für den Vergleich mit Resistenz bei der Verrechnung. Spellpower mindestens so hoch wie RES: Effekt wirkt. Höhere RES: kein Effekt auf diese betroffene Karte.	A value compared to Resistance on resolution. If Spellpower is at least RES, the effect applies; higher RES prevents it affecting that card.
modified	Modifizierter Wert	Modified value	4.9.2	modifizierten Wert|modifizierte Werte	Wert nach Anwendung aller permanenten und temporären Modifikatoren. Dient als Regenerations-Obergrenze und Grundlage des aktuellen Werts.	The value after all permanent and temporary modifiers. It caps Regeneration and forms the basis of the current value.
nonpermanent	Nicht bleibende Karte	Non-permanent	2.2.3	nicht bleibenden Karten|non-permanents	Karte, die aufgrund ihres Typs keinen Platz in einer aktiven Zone einnehmen kann. Sie wird nach der Verrechnung in den Friedhof gelegt.	A card whose type cannot occupy an active-zone position. It goes to the Graveyard after resolution.
sacrifice	Opfern	Sacrifice	4.5	geopfert|sacrificed	Nur eine kontrollierte Karte kann zum Bezahlen von Kosten oder durch einen Effekt geopfert werden. Sie wird direkt aus dem Spiel in den Friedhof gelegt. Dies ist ein Zonenwechsel, kein Zerstöreffekt. Der Spieler, der opfern muss, wählt das Opfer; die physische Spielfeldhälfte spielt keine Rolle.	Only a controlled card can be sacrificed as a cost or effect. Move it directly from play to the Graveyard. This is a zone change, not destruction. The player required to sacrifice chooses the card; physical battlefield side is irrelevant.
pool	Pool-Deck	Pool Deck	2.4	Pool Deck|Pool	Verdeckter Stapel von Karten mit Pool-Symbol. Zulässig sind die Farbe des Herrschers und Equilibra. Die Anzahl hängt vom Format ab.	A face-down deck of Pool-icon cards, in the Sovereign's colour or Equilibra. Size depends on format.
pow	Power (POW)	Power (POW)	4.9.3	POW|Power	Statuswert, der die Höhe des Schadens bestimmt, den ein Charakter im Kampf zufügt.	The value determining the damage a Character deals in combat.
priority	Priorität	Priority	3.2.1	Prioritätssystem|priority system	Bestimmt, welcher Spieler Karten ausspielen oder Fähigkeiten aktivieren darf. Der Spieler behält Priorität, bis er passt. Nach beidseitigem Passen wird das oberste Element der Reaktionskette verrechnet.	Determines who may play cards or activate abilities. A player retains priority until passing. After both pass, the top item on the Reaction Chain resolves.
chain	Reaktionskette	Reaction Chain	3.2.1	Reaction Chain|Last in First out|LIFO	Abstrakter Bereich für ausgespielte Karten sowie aktivierte und ausgelöste Fähigkeiten vor ihrer Verrechnung. Verrechnung nach dem Prinzip „zuletzt hinein, zuerst heraus“.	The abstract area for played cards and activated or triggered abilities before resolution. Resolves last in, first out.
government	Regierungszone	Government Zone	2.3.4	Government Zone	Enthält Herrscher-, Runen- und Advisor-Slot sowie Plätze für andere geeignete bleibende Karten.	Contains the Sovereign, Rune and Advisor slots and positions for other eligible permanents.
res	Resistenz (RES)	Resistance (RES)	4.3.1	RES|Resistenz|Resistance	Charakterwert zum Vergleich mit Spellpower, um die Wirksamkeit eines Effekts zu bestimmen. Bei geturnten Charakteren gilt für Systemabgleiche RES 0; siehe Regel 4.9.3.	A Character value compared with Spellpower to determine effect application. For system checks, turned Characters have RES 0; see section 4.9.3.
resource	Ressource	Resource	2.2.3	Ressourcen|Resources	Kartentyp für Ressourcen-Slots. Die Rune ist eine Ausnahme und gehört ausschließlich in den Runen-Slot. Pro Spieler und Runde darf nur eine Ressource ins Spiel gebracht werden.	A card type placed in Resource slots. The Rune is an exception and belongs only in its Rune slot. Each player may put only one Resource into play per round.
ritual	Ritual	Ritual	2.2.3	Rituale|Rituals	Bleibender Kartentyp für den Bereich der bleibenden Karten in der Regierungszone.	A permanent type placed in the Government Zone's permanent area.
rune	Rune	Rune	2.2.3	Runen|Runes	Kartentyp, der zu Spielbeginn im Runen-Slot platziert wird. Genau eine Rune gehört zum Gesamtdeck, aber weder zum Spell- noch zum Pool-Deck.	A card type placed in the Rune slot at game start. Exactly one is part of the complete deck, but neither the Spell Deck nor Pool Deck.
damage	Schaden (DMG)	Damage (DMG)	5.3	DMG|Schaden|damage	Effekt, der LP oder HP um denselben Betrag senkt. Schaden auf Charakteren wird akkumuliert.	An effect reducing life points or HP by the same amount. Damage on Characters accumulates.
safety	Sicherheitszone	Safety Zone	2.3.3	Safety Zone|Safety-Zone|Safety-Zonen	Bereich zwischen Regierungszone und Front-Row. Je Lane enthält sie zwei Back-Row-Slots, einen Binding-Slot und einen Ressourcen-Slot.	The area between Government Zone and Front Row, with two Back Row slots, one Binding slot and one Resource slot per Lane.
spell-deck	Spell-Deck	Spell Deck	2.4	Spell Deck	Verdeckter Stapel auf dem Spell-Deck-Platz. Zulässig sind Karten mit ASP-Kosten, die der Herrscher nicht ausschließt.	The face-down deck in the Spell Deck position, containing cards with ASP costs not excluded by the Sovereign.
dies	Sterben	Dying	4.8.4	stirbt|dies|gestorben	Zonenwechsel eines Charakters aus dem Spiel direkt in den Friedhof, durch 0 HP oder direkte Effekte. Jeder Charakter, der diesen Wechsel vollzieht, gilt als gestorben.	A Character moving directly from play to the Graveyard, through 0 HP or a direct effect, counts as dying.
token	Token	Token	4.8.4	Tokens	Durch einen Spieleffekt erzeugte bleibende Karte. Der erzeugende Effekt bestimmt Typ und Eigenschaften. Außerhalb der aktiven Zonen hört sie durch GSC auf zu existieren.	A permanent created by an effect that defines its type and characteristics. It ceases to exist through a GSC outside active zones.
training	Training	Training	2.2.3	Trainings|trained	Kartentyp, der an andere bleibende Karten angelegt wird und keinen eigenen Slot belegt. Die Karte mit angelegtem Training gilt als trainiert.	A card type attached to another permanent without taking a separate slot. The attached permanent is trained.
values	Werte	Values	4.9	Values	Unterschieden werden Grundwert, modifizierter Wert und aktueller Wert. Der Glossareintrag im PDF enthält keine eigene Definition; die Erläuterung steht in Regel 4.9.	Distinguish base, modified and current values. The PDF glossary entry has no definition of its own; section 4.9 provides the explanation.
cast	Wirken	Cast	4.1	Cast|Casting	Ausspielen einer nicht bleibenden Karte auf die Reaktionskette.	Playing a non-permanent onto the Reaction Chain.
spell	Zauberspruch	Spell	2.2.3	Spells|Zaubersprüche|Miracle	Nicht bleibender Kartentyp. Wird nach der Verrechnung in den Friedhof gelegt. Miracle zählen ebenfalls als Spell.	A non-permanent card type that goes to the Graveyard after resolution. Miracles also count as Spells.
zone-change	Zonenwechsel	Zone change	4.8.4	Reset|zone changes	Wechsel zwischen Zonen-Kategorien, beispielsweise aus einer aktiven Zone in einen inaktiven Platz. Die Karte wird zu einem neuen Objekt. Bewegung innerhalb aktiver Zonen ist davon zu unterscheiden.	Movement between zone categories, such as from an active zone to an inactive area. The card becomes a new object. Movement within active zones is distinct.
condition	Zustände	Conditions	6.2	Zustand|Conditions|Condition	Binäre Keyword-Mechaniken: Eine Karte hat einen Zustand einmal oder gar nicht. Mehrere Quellen desselben Zustands erzeugen keine mehrfachen Instanzen. Turned und Bound sind keine Zustände in diesem Sinn.	Binary keyword mechanics: a card has a condition once or not at all. Multiple sources do not create multiple instances. Turned and Bound are not conditions in this sense.
poisoned	Poisoned	Poisoned	6.2	vergiftet	Degenerativer Zustand: Zu Beginn jeder Kampfphase erhält dieser Charakter 1 DMG, wenn er bereits zu Beginn der Runde Poisoned hatte. Das Keyword Poisoned verleiht diesen Zustand.	Degenerative condition: at the beginning of each Combat Phase, if this Character had Poisoned at the beginning of the round, deal 1 DMG to it. The Poisoned keyword grants this condition.
madness	Madness	Madness	6.2	Madness Counter	Degenerativer Zustand: Am Ende jeder Runde wird diesem Charakter 1 DMG zugefügt.	Degenerative condition: at the end of each round, deal 1 DMG to this Character.
drenched	Drenched	Drenched	6.2	Drenched Counter	Degenerativer Zustand: Am Ende jeder Runde wird ein INI−1-Counter auf diesen Charakter gelegt.	Degenerative condition: at the end of each round, put one INI−1 counter on this Character.
move	Move	Move	4.6	Bewegungsaktion	Sonderaktion zum Bewegen eines ungeturnten Charakters mit INI > 0. Turnt den Charakter und verbraucht eine Aktion. Im Kampf nur als Aktion des handelnden Charakters zulässig.	A special action moving an unturned Character with INI greater than 0. Turns it and consumes an action. In combat, only the acting Character may use it as its action.
ebs	Eigenschaftsbestimmung-System (EBS)	Characteristic determination system (EBS)	4.7	EBS|Eigenschaftsbestimmungssystem|Timestamp	Sieben Ebenen bestimmen Identität, Kontrolle, Text, Typ und Farbe, Fähigkeiten, Grundwerte und modifizierte Werte. Innerhalb einer Ebene gewinnt bei Widersprüchen der jüngere Zeitstempel.	Seven layers determine identity, control, text, type and colour, abilities, base values and modified values. Within a layer, the newer timestamp wins conflicts.
epic	Epic	Epic	4.10	Epic-Regel	Ein Spieler darf in derselben Lane nicht mehrere gleichnamige Epic-Permanents behalten. Bei der Spielstatus-Prüfung wählt er eine; die übrigen werden geopfert.	A player cannot keep multiple same-name Epic permanents in one Lane. During a GSC, choose one and sacrifice the rest.
mythic	Mythic	Mythic	4.10	Mythic-Regel	Ein Spieler darf auf dem gesamten Spielfeld nicht mehrere gleichnamige Mythic-Permanents behalten. Bei der Spielstatus-Prüfung wählt er eine; die übrigen werden geopfert.	A player cannot keep multiple same-name Mythic permanents anywhere on the battlefield. During a GSC, choose one and sacrifice the rest.
rel	Rule Enforcement Level (REL)	Rule Enforcement Level (REL)	7.3	REL|Turnierlevel|Rule Enforcement Level	REL 0: Casual Play, nicht sanktioniert. REL 1: Basic Play. REL 2: Advanced Play. REL 3: Competitive Play. Beeinflusst Erwartungen, Fehlerbehandlung und Maßnahmen.	REL 0: unsanctioned Casual Play. REL 1: Basic Play. REL 2: Advanced Play. REL 3: Competitive Play. Affects expectations, corrections and measures.
mulligan	Mulligan	Mulligan	3	Mulligan-Entscheidung	Einmal beliebig viele Starthandkarten verdeckt beiseitelegen, dieselbe Anzahl vom Spell-Deck ziehen und die beiseitegelegten Karten zurückmischen. Entscheidung in Initiative-Reihenfolge.	Once, set aside any number of starting hand cards face down, draw that many from the Spell Deck, then shuffle the set-aside cards back. Decide in Initiative order.
penalty	Spielstrafe (Penalty)	Penalty	13.2	Penalty|Spielstrafe	Der Herrscher verliert sofort 5 LP. Kann zum Spielverlust führen. Bei REL 1 nur nach Eskalation, ab REL 2 regulär möglich, bei REL 0 nicht vorgesehen.	The Sovereign immediately loses 5 life points, potentially losing the game. Only after escalation at REL 1, regularly available from REL 2, not intended at REL 0.
kw-advisor	Advisor	Advisor	2.2.3		Dieser Charakter kann ausschließlich in einen Advisor-Slot platziert werden.	This Character can only be placed into an Advisor slot.
kw-antidote	Provide Antidote	Provide Antidote	6.2	Antidote	Entferne alle Counter mit degenerierendem Effekt vom anvisierten Charakter. Dazu zählen wertsenkende Marken und Counter, die negative Zustände verursachen.	Remove all counters with degenerating effect from target Character, including value-reducing counters and counters causing negative conditions.
kw-barrier	Barrier	Barrier	5.2	Barriere	Nur in einer War Zone platzierbar, in der keine andere Barrier liegt. Belegt keinen Slot und kann keine Kampfaktionen ausführen. Ist sie der einzige eigene Charakter in dieser War Zone, erhalten dortige Angreifer Targeted Strike mit dieser Barrier als Angriffswahl.	May only be placed in a War Zone with no other Barrier. Occupies no slot and cannot perform combat actions. While it is your only Character in that War Zone, attackers there gain Targeted Strike with this Barrier as their attack choice.
kw-blood-mage	Blood Mage	Blood Mage	4.2	Blood Trinket	{1}: Erzeuge ein Blood Trinket Token. Dies ist ein Artefakt-Token mit „{1}, opfere dieses Artefakt: Erhalte {1} ASP.“	{1}: Create a Blood Trinket token, an Artifact token with “{1}, sacrifice this artifact: Gain {1} ASP.”
kw-blood-rush	Blood Rush [X]	Blood Rush [X]	4.2	Blood Rush	Dieser Charakter erhält +X/+X POW/HP bis zum Ende dieser Runde. Verbanne ihn am Ende dieser Runde.	This Character gains +X/+X POW/HP until the end of this round. At the end of this round, banish it.
kw-defender	Defender	Defender	3.1.4		Dieser Charakter wird beim Ausführen einer Block-Reaktion nicht geturnt.	This Character does not turn when using a Block reaction.
kw-dual-slot	Dual Slot	Dual Slot	4.10		Dieser Charakter belegt zwei Slots statt einem. Sind keine zwei Slots frei, kann er nicht legal auf dem Spielfeld liegen.	This Character occupies two slots instead of one. Without two free slots, it cannot legally remain on the battlefield.
kw-ecstasy	Ecstasy	Ecstasy	3.1.4		Der anvisierte Charakter erhält Two-Handed Combat und Indestructable bis zum Rundenende. Er darf in diesem Kampf nur Angriffsaktionen nutzen und muss mit allen verfügbaren Aktionen Angriff wählen. Opfere ihn am Ende des Kampfes.	Target Character gains Two-Handed Combat and Indestructable until end of round. It can only use attack actions this combat and must choose Attack with all available actions. Sacrifice it at the end of combat.
kw-fear	Fear	Fear	4.2		Wenn dieser Charakter Fear erhält, würfle einen W6. Ist seine RES kleiner oder gleich dem Ergebnis, turne ihn, falls er ungeturnt ist. Er wird zu Beginn der nächsten Runde nicht ungeturnt.	When this Character gets Fear, roll a six-sided die. If its RES is at most the result, turn it if unturned; it does not unturn at the beginning of the next round.
kw-fight	Fight	Fight	4.2		Dieser Charakter fügt dem anvisierten Charakter DMG in Höhe seiner POW zu. Jener Charakter fügt diesem Charakter DMG in Höhe seiner eigenen POW zu.	This Character deals DMG equal to its POW to target Character. That Character deals DMG equal to its own POW to this Character.
kw-first-damage	First Damage	First Damage	5.3	Erster Schaden	Dieser Charakter fügt Kampfschaden im First-Damage-Segment statt im normalen Schadenssegment zu. Dazwischen erfolgt ein GSC.	This Character deals combat damage in the First Damage segment instead of the normal segment. A GSC occurs between them.
kw-flying	Flying	Flying	5.2	Flugfähigkeit	Dieser Charakter kann nur von Charakteren mit Flying oder Skyguard geblockt werden.	This Character can only be blocked by Characters with Flying or Skyguard.
kw-force	Force of Nature	Force of Nature	2.3.2		Du darfst Charaktere in jede deiner War Zones platzieren, als hätte sie drei Slots statt zwei.	You may place Characters into each of your War Zones as if it had three slots instead of two.
kw-fuse	Fuse	Fuse	4.2		Opfere die gewählten bleibenden Karten und erzeuge anschließend das durch den Fuse-Effekt beschriebene Permanent-Token. Beispiel: drei Creeper Plant Token zu einem 4/4 Giant Creeper Plant Token verbinden.	Sacrifice the chosen permanents, then create the permanent token described by the Fuse effect. Example: fuse three Creeper Plant tokens into a 4/4 Giant Creeper Plant token.
kw-hideout	Hideout	Hideout	4.6		Beim Ausspielen darfst du 2 ASP bezahlen, um die Karte statt regulärer Beschwörung verdeckt in einen gegnerischen Front-Row-Slot zu spielen. Gegner dürfen dort Charaktere ausspielen, als wäre der Slot frei. Du darfst 2 ASP bezahlen, um sie aufzudecken und in einen freien eigenen War-Zone-Slot derselben Lane zu legen. Platziert der Gegner einen Charakter in denselben Slot, decke sie auf und opfere sie. Das Aufdecken ist eine Sonderaktion und erfordert Priorität.	When playing this card, you may pay 2 ASP to play it face down into an opponent's Front Row slot instead of normal summoning. Opponents may play Characters there as if it were empty. You may pay 2 ASP to turn it face up and place it in an empty slot in your War Zone in the same Lane. If an opponent places a Character in its face-down slot, turn it face up and sacrifice it. Turning it face up is a special action requiring priority.
kw-indestructable	Indestructable	Indestructable	4.10	Indestructible	Diese bleibende Karte kann nicht zerstört werden. Verhindere allen DMG, der diesem Charakter zugefügt würde. Der Zonenwechsel durch Zerstören findet nicht statt.	This permanent cannot be destroyed. Prevent all DMG that would be dealt to this Character. The zone change caused by destruction does not occur.
kw-infiltrate	Infiltrate	Infiltrate	2.3.3		Kennzeichnet einen Effekt dieser Karte auf bleibende Karten in der Safety Zone.	Indicates that this card has an effect on permanents in the Safety Zone.
kw-lord	Lord of the Dead	Lord of the Dead	4.2		Kennzeichnet eine ausgelöste Fähigkeit, die auslöst, wenn ein von dir kontrollierter Charakter stirbt.	Indicates a triggered ability whenever a Character you control dies.
kw-overrun	Overrun	Overrun	4.2		Beim Betreten des Spiels fügt dieser Charakter einem anvisierten gegnerischen Charakter derselben Lane DMG in Höhe seiner POW zu. Der Schadenswert wird beim Auslösen festgelegt, nicht erst beim Verrechnen.	When this Character enters play, it deals DMG equal to its POW to target opposing Character in the same Lane. Damage is fixed when the ability triggers, not at resolution.
kw-paralyze	Paralyze	Paralyze	4.2		Ausgelöste Fähigkeit: Wenn dieser Charakter Ranged Combat nutzt, würfle für jeden Charakter in der War Zone derselben Lane einen W6. Bei 1–3 turne jenen Charakter; er wird zu Beginn der nächsten Runde nicht ungeturnt.	Triggered ability: when this Character uses Ranged Combat, roll a six-sided die for each Character in that Lane's War Zone. On 1–3, turn that Character; it does not unturn at the beginning of the next round.
kw-poison	Poison	Poison	6.2	Poisoncounter	Immer wenn dieser Charakter einem anderen Charakter Schaden zufügt, lege einen Poisoncounter auf jenen Charakter.	Whenever this Character deals damage to another Character, put a Poison counter on that Character.
kw-protection	Protection from Everything	Protection from Everything	6.1		Diese Karte kann nicht Ziel gegnerischer Spells, Fähigkeiten oder Trainings sein. Verhindere allen Schaden, der ihr zugefügt würde.	This card cannot be targeted by opposing Spells, abilities or Trainings. Prevent all damage that would be dealt to it.
kw-shield	Protective Shield	Protective Shield	4.2		(T): Das nächste Mal, dass ein anvisierter eigener Charakter derselben War Zone Schaden erhalten würde, erhält stattdessen dieser Charakter diesen Schaden.	(T): The next time target Character you control in the same War Zone would take damage, this Character takes that damage instead.
kw-punch	Punch	Punch	5.3	Harter Schlag	Beim Angriff in einer War Zone wird Kampfschaden über die aktuellen HP des Blockers hinaus dem gegnerischen Herrscher zugefügt. Die Aufteilung ist fest durch die Differenz bestimmt; es gibt keine freie Verteilungswahl. Weitere Voraussetzungen in Regel 5.3.	When attacking in a War Zone, combat damage exceeding the blocker's current HP is dealt to the opposing Sovereign. The split is fixed by that difference, not chosen freely. See section 5.3 for requirements.
kw-ranged	Ranged Combat	Ranged Combat	5.1	Fernkampf	Aus der Back-Row darf dieser Charakter einen gegnerischen Charakter in der War Zone derselben Lane angreifen. Dieser erhält keine Block-Reaktion. Füge ihm Kampfschaden in Höhe der POW zu. Eine Angriffsmodifikation, kein regeltechnisches Zielen.	From the Back Row, this Character may attack an opposing Character in the same Lane's War Zone, dealing combat damage equal to its POW. The defender gets no Block reaction. This is an attack modification, not targeting.
kw-regenerate	Regenerate [X]	Regenerate [X]	4.9.2	Regenerate|Regeneration|Regenerieren	Entferne X Schaden von einem Charakter. Dadurch steigen seine aktuellen HP bis höchstens zum modifizierten Maximum. Ohne verbleibenden Schaden kann nichts regeneriert werden.	Remove X damage from a Character, increasing current HP up to the modified maximum. With no remaining damage, nothing can be regenerated.
kw-rise	Rise	Rise	4.1		Suche im Spell-Deck nach der im Rise-Effekt benannten Karte und platziere sie im Slot dieser bleibenden Karte. Übertrage alle Counter und opfere dann die ursprüngliche Karte. Aktivierung und alternative Ausspielmodi sind auf den jeweiligen Karten definiert.	Search your Spell Deck for the named rise-into card and place it in this permanent's slot. Transfer all counters, then sacrifice the original permanent. Activation and alternative play modes are defined on individual cards.
kw-round	Second Round; Third Round	Second Round; Third Round	3.1	Second Round|Third Round	Kennzeichnet das Zählen der seit dem Betreten des Spiels vergangenen Runden.	Tracks the total rounds elapsed since this permanent entered play.
kw-skyguard	Skyguard	Skyguard	5.2	Himmelswache	Dieser Charakter kann Charaktere mit Flying blocken, als hätten diese kein Flying.	This Character may block Characters with Flying as though they did not have Flying.
kw-spectral	Spectral Ward	Spectral Ward	6.1		Dieser Charakter kann nicht Ziel von Fähigkeiten oder Trainings sein. Verhindere allen Schaden, außer von Magical Items. Trainierte Charaktere, Artefakte und Rituale gelten als Magical Items. Ausschließlich Spells können den Charakter legal anvisieren.	This Character cannot be targeted by abilities or Trainings. Prevent all damage to it unless the source is a Magical Item. Trained Characters, Artifacts and Rituals count as Magical Items. Only Spells can legally target it.
kw-speed	Speed	Speed	3.1.4		Dieser Charakter wird beim Ausführen einer Kampfaktion (Angriff oder Block) nicht geturnt.	This Character does not turn when performing a combat action: Attack or Block.
kw-spread	Spread	Spread	4.2		Erzeuge eine Kopie einer anvisierten eigenen Flora und platziere sie in einen freien Slot derselben Lane.	Create a copy of target Flora you control and place it in an unoccupied slot in the same Lane.
kw-surge	Surge	Surge	4.1		Diese Karte darf zu jedem Zeitpunkt gespielt werden, zu dem eine aktivierte Fähigkeit aktiviert werden dürfte. Priorität ist weiterhin erforderlich.	You may play this card whenever you could activate an activated ability. Priority is still required.
kw-tactical	Tactical Shift	Tactical Shift	4.6		Einmal pro Runde darf dieser Charakter bewegt werden, ohne zu turnen oder eine Aktion zu verbrauchen. Er muss trotzdem ungeturnt sein, INI > 0 und mindestens eine Aktion verfügbar haben.	Once per round, move this Character without turning it or spending an action. It must still be unturned, have INI greater than 0 and an action available.
kw-targeted	Targeted Strike	Targeted Strike	5.1	Gezielter Stich	Statt des Herrschers darf ein gegnerischer Charakter in der War Zone derselben Lane angegriffen werden. Dieser wird zum Blocker, wird geturnt und verliert eine Aktion, soweit verfügbar. Auch geturnte Charaktere ohne Aktion können angegriffen werden. Dies ist kein regeltechnisches Zielen.	Instead of the Sovereign, attack an opposing Character in the same Lane's War Zone. It becomes the blocker, turns and loses an action if available. Turned Characters with no action can also be attacked. This is not targeting.
kw-thorn	Thorn Defense	Thorn Defense	4.2		Immer wenn ein gegnerischer Charakter einen Slot in derselben War Zone betritt oder dorthin bewegt wird, fügt dieser Charakter ihm 1 DMG zu.	Whenever an opposing Character enters or moves into a slot in this Character's War Zone, this Character deals 1 DMG to it.
kw-twin	Twin-Shot	Twin-Shot	5.1		Bei einem Angriff mittels Ranged Combat darf ein zusätzlicher gegnerischer Charakter in derselben War Zone angegriffen werden. Falls nicht, fügt dieser Charakter bis Rundenende Kampfschaden in Höhe der doppelten POW zu.	When attacking with Ranged Combat, you may attack an additional opposing Character in the same War Zone. If you do not, this Character deals combat damage equal to twice its POW until end of round.
kw-two-handed	Two-Handed Combat	Two-Handed Combat	5.1	Zweihändiger Kampf	Dieser Charakter hat eine zusätzliche Aktion pro Runde. Beim Angriff darf eine Aktion für einen zusätzlichen Angriff ausgegeben werden. Für jeden Angriff gibt es eine eigene Block-Reaktion; beide Angriffe werden in denselben Kampfschritten abgewickelt.	This Character has an additional action each round. When attacking, spend an action for an additional attack. Each attack gets a separate Block reaction; both resolve in the same combat steps.
kw-untargetable	Untargetable	Untargetable	6.1		Diese bleibende Karte kann nicht Ziel von Spells, Fähigkeiten oder Trainings des Gegners sein.	This permanent cannot be targeted by opposing Spells, abilities or Trainings.
kw-horde	Horde	Horde	4.2		Kennzeichnet, dass diese bleibende Karte für Horde-Effekte zählt.	Indicates that this permanent counts for Horde effects.
kw-alliance	Alliance	Alliance	5.3		Würde dein Herrscher Kampfschaden erhalten, darfst du den gesamten Schaden stattdessen auf diesen Charakter umlenken. Die Entscheidung fällt bei der Schadensverrechnung für jede Alliance-Instanz. Der Schaden kann nur einmalig und nur vollständig umgeleitet werden.	Whenever your Sovereign would take combat damage, you may redirect all of it to this Character. Decide for each Alliance instance at damage resolution. Damage may be redirected only once and only in full.
kw-unblockable	Unblockable	Unblockable	5.2	Unblockbar	Dieser Charakter kann nicht von anderen Charakteren geblockt werden. Sein Angriff löst keine Block-Reaktion aus.	This Character cannot be blocked by other Characters. Its attack does not trigger a Block reaction.
